{
  "name": "qTip2",
  "title": "qTip2 - Pretty powerful tooltips",
  "description": "Introducing... qTip2. The second generation of the advanced qTip plugin for the ever popular jQuery framework.",
  "version": "2.1.0",
  "homepage": "http://qtip2.com",
  "author": {
    "name": "Craig Michael Thompson",
    "email": "craig@craigsworks.com",
    "url": "http://craigsworks.com/"
  },
  "bugs": "http://github.com/Craga89/qTip2/issues",
  "licenses": [
    {
      "type": "MIT",
      "url": "http://github.com/Craga89/qTip2/blob/master/LICENSE-MIT"
    },
    {
      "type": "GPL",
      "url": "http://github.com/Craga89/qTip2/blob/master/LICENSE-GPL"
    }
  ],
  "dependencies": {
    "jquery": ">=1.5.0"
  },
  "keywords": [
    "tooltip",
    "tooltips",
    "jquery",
    "qtip",
    "qtip2",
    "craig",
    "thompson",
    "craigsworks"
  ],
  "download": "http://qtip2.com/download",
  "docs": "http://qtip2.com/guides",
  "demo": "http://qtip2.com/demos",
  "maintainers": [
    {
      "name": "Craig Michael Thompson",
      "email": "craig@craigsworks.com",
      "url": "http://craigsworks.com/"
    }
  ]
}